{
  "id": "3395519",
  "name": "Kepler",
  "font_family": "iconfont",
  "css_prefix_text": "icon-",
  "description": "",
  "glyphs": [
    {
      "icon_id": "7286487",
      "name": "loading",
      "font_class": "loading",
      "unicode": "e632",
      "unicode_decimal": 58930
    },
    {
      "icon_id": "6684310",
      "name": "微信登录",
      "font_class": "weixindenglu",
      "unicode": "e638",
      "unicode_decimal": 58936
    },
    {
      "icon_id": "848573",
      "name": "yanzhengma",
      "font_class": "yanzhengma",
      "unicode": "e614",
      "unicode_decimal": 58900
    },
    {
      "icon_id": "2471346",
      "name": "登录",
      "font_class": "denglu1",
      "unicode": "e66b",
      "unicode_decimal": 58987
    },
    {
      "icon_id": "5643518",
      "name": "密码",
      "font_class": "mima",
      "unicode": "e605",
      "unicode_decimal": 58885
    },
    {
      "icon_id": "2578488",
      "name": "登录",
      "font_class": "denglu",
      "unicode": "e611",
      "unicode_decimal": 58897
    },
    {
      "icon_id": "3590962",
      "name": "注册会员",
      "font_class": "zhucehuiyuan",
      "unicode": "e635",
      "unicode_decimal": 58933
    },
    {
      "icon_id": "3876438",
      "name": "telegram",
      "font_class": "telegram",
      "unicode": "e65f",
      "unicode_decimal": 58975
    },
    {
      "icon_id": "8356570",
      "name": "推特1",
      "font_class": "tuite",
      "unicode": "e652",
      "unicode_decimal": 58962
    },
    {
      "icon_id": "11993477",
      "name": "telegram",
      "font_class": "telegram1",
      "unicode": "e794",
      "unicode_decimal": 59284
    },
    {
      "icon_id": "18224422",
      "name": "交易所",
      "font_class": "jiaoyisuo",
      "unicode": "e624",
      "unicode_decimal": 58916
    }
  ]
}
